vleft [A/m2],vright [A/m2],freql,freqr
0.0,0.025025025025025027,0.0,0.2263501113119972
0.025025025025025027,0.05005005005005005,0.0,0.1339224246414912
0.05005005005005005,0.07507507507507508,0.0,0.08059210602948469
0.07507507507507508,0.1001001001001001,0.0,0.05615753772727959
0.1001001001001001,0.12512512512512514,0.0,0.0400959484152365
0.12512512512512514,0.15015015015015015,0.0,0.037295045092004
0.15015015015015015,0.1751751751751752,0.0,0.035379199728792464
0.1751751751751752,0.2002002002002002,0.0,0.028187959628844052
0.2002002002002002,0.22522522522522523,0.0,0.02543911394304593
0.22522522522522523,0.2502502502502503,0.0,0.024594599635522126
0.2502502502502503,0.2752752752752753,0.0,0.026191529553755005
0.2752752752752753,0.3003003003003003,0.0,0.018926816146380032
0.3003003003003003,0.3253253253253253,0.0,0.018039282399856416
0.3253253253253253,0.3503503503503504,0.0,0.01784939099190979
0.3503503503503504,0.3753753753753754,0.0,0.015639182824585714
0.3753753753753754,0.4004004004004004,0.0,0.014207864296604401
0.4004004004004004,0.42542542542542544,0.0,0.01321360485173564
0.42542542542542544,0.45045045045045046,0.0,0.013565131928870346
0.45045045045045046,0.47547547547547553,0.0,0.012760915584090279
0.47547547547547553,0.5005005005005005,0.0,0.011138100089786402
0.5005005005005005,0.5255255255255256,0.0,0.010189143664305546
0.5255255255255256,0.5505505505505506,0.0,0.009507610343151607
0.5505505505505506,0.5755755755755756,0.0,0.008987038407425768
0.5755755755755756,0.6006006006006006,0.0,0.008589961506885608
0.6006006006006006,0.6256256256256256,0.0,0.008191809561838747
0.6256256256256256,0.6506506506506506,0.0,0.007804515377477819
0.6506506506506506,0.6756756756756758,0.0,0.007712740504056034
0.6756756756756758,0.7007007007007008,0.0,0.00748023049869105
0.7007007007007008,0.7257257257257258,0.0,0.007191736441351816
0.7257257257257258,0.7507507507507508,0.0,0.0073474280618598745
0.7507507507507508,0.7757757757757758,0.0,0.007140769581981267
0.7757757757757758,0.8008008008008008,0.0,0.007231577533240531
0.8008008008008008,0.8258258258258259,0.0,0.007287242690555984
0.8258258258258259,0.8508508508508509,0.0,0.007578990629340392
0.8508508508508509,0.8758758758758759,0.0,0.008232319100173972
0.8758758758758759,0.9009009009009009,0.0,0.007135378463903011
0.9009009009009009,0.9259259259259259,0.0,0.006368210257318904
0.9259259259259259,0.9509509509509511,0.0,0.004578706236127522
0.9509509509509511,0.9759759759759761,0.0,0.003098850200298588
0.9759759759759761,1.001001001001001,0.0,0.003185435958746609
1.001001001001001,1.026026026026026,0.0,0.003297010722743737
1.026026026026026,1.0510510510510511,0.0,0.0023174294372530465
1.0510510510510511,1.0760760760760761,0.0,0.0
1.0760760760760761,1.1011011011011012,0.0,0.0
1.1011011011011012,1.1261261261261262,0.0,0.0
1.1261261261261262,1.1511511511511512,0.0,0.0
1.1511511511511512,1.1761761761761762,0.0,0.0
1.1761761761761762,1.2012012012012012,0.0,0.0
1.2012012012012012,1.2262262262262262,0.0,0.0
1.2262262262262262,1.2512512512512513,0.0,0.0
1.2512512512512513,1.2762762762762763,0.0,0.0
1.2762762762762763,1.3013013013013013,0.0,0.0
1.3013013013013013,1.3263263263263263,0.0,0.0
1.3263263263263263,1.3513513513513515,0.029012034485877556,0.0
1.3513513513513515,1.3763763763763766,0.029622889777761615,0.0
1.3763763763763766,1.4014014014014016,0.02720992638972713,0.0
1.4014014014014016,1.4264264264264266,0.024853481949517742,0.0
1.4264264264264266,1.4514514514514516,0.023187902947334492,0.0
1.4514514514514516,1.4764764764764766,0.02083014253962936,0.0
1.4764764764764766,1.5015015015015016,0.019121391483686967,0.0
1.5015015015015016,1.5265265265265267,0.017826757921793217,0.0
1.5265265265265267,1.5515515515515517,0.015716766186552534,0.0
1.5515515515515517,1.5765765765765767,0.020735015985593463,0.0
1.5765765765765767,1.6016016016016017,0.020526634687157905,0.0
1.6016016016016017,1.6266266266266267,0.01974559795192756,0.0
1.6266266266266267,1.6516516516516517,0.017942838170527123,0.0
1.6516516516516517,1.6766766766766767,0.018551001793671747,0.0
1.6766766766766767,1.7017017017017018,0.014581637091305085,0.0
1.7017017017017018,1.7267267267267268,0.01718628849619217,0.0
1.7267267267267268,1.7517517517517518,0.020206466810828137,0.0
1.7517517517517518,1.7767767767767768,0.01723414702867436,0.0
1.7767767767767768,1.8018018018018018,0.01730678720657818,0.0
1.8018018018018018,1.8268268268268268,0.018209397571136637,0.0
1.8268268268268268,1.8518518518518519,0.013907634383638831,0.0
1.8518518518518519,1.876876876876877,0.015611344841444098,0.0
1.876876876876877,1.9019019019019021,0.013315728677288568,0.0
1.9019019019019021,1.9269269269269271,0.013777417379892958,0.0
1.9269269269269271,1.9519519519519521,0.013679151690370914,0.0
1.9519519519519521,1.9769769769769772,0.011212258624129707,0.0
1.9769769769769772,2.002002002002002,0.011882379177114148,0.0
2.002002002002002,2.027027027027027,0.011379518065939304,0.0
2.027027027027027,2.052052052052052,0.011941324806610407,0.0
2.052052052052052,2.0770770770770772,0.0114603485433189,0.0
2.0770770770770772,2.1021021021021022,0.010589712841563877,0.0
2.1021021021021022,2.1271271271271273,0.010660007269291174,0.0
2.1271271271271273,2.1521521521521523,0.011521276410110961,0.0
2.1521521521521523,2.1771771771771773,0.010467082634788436,0.0
2.1771771771771773,2.2022022022022023,0.008720224934280527,0.0
2.2022022022022023,2.2272272272272273,0.008126333627510232,0.0
2.2272272272272273,2.2522522522522523,0.007774988601938276,0.0
2.2522522522522523,2.2772772772772774,0.00931513331250613,0.0
2.2772772772772774,2.3023023023023024,0.00828023907651947,0.0
2.3023023023023024,2.3273273273273274,0.007802809316098567,0.0
2.3273273273273274,2.3523523523523524,0.0062286351188485705,0.0
2.3523523523523524,2.3773773773773774,0.006893470260845229,0.0
2.3773773773773774,2.4024024024024024,0.007556363829565258,0.0
2.4024024024024024,2.4274274274274275,0.005535519103397495,0.0
2.4274274274274275,2.4524524524524525,0.008187288066518606,0.0
2.4524524524524525,2.4774774774774775,0.006672059686363253,0.0
2.4774774774774775,2.5025025025025025,0.004513955524470497,0.0
2.5025025025025025,2.5275275275275275,0.006319038379754115,0.0
2.5275275275275275,2.5525525525525525,0.006275045663405458,0.0
2.5525525525525525,2.5775775775775776,0.003389466694215968,0.0
2.5775775775775776,2.6026026026026026,0.005102170277937077,0.0
2.6026026026026026,2.6276276276276276,0.005838450074356445,0.0
2.6276276276276276,2.6526526526526526,0.004717731677558172,0.0
2.6526526526526526,2.677677677677678,0.004553034160379289,0.0
2.677677677677678,2.702702702702703,0.0043525793173388805,0.0
2.702702702702703,2.727727727727728,0.004945167905539011,0.0
2.727727727727728,2.752752752752753,0.005836369610757956,0.0
2.752752752752753,2.777777777777778,0.004522314746961066,0.0
2.777777777777778,2.802802802802803,0.003482530865147081,0.0
2.802802802802803,2.827827827827828,0.0036062670756863108,0.0
2.827827827827828,2.852852852852853,0.003704478436707573,0.0
2.852852852852853,2.877877877877878,0.004521335440456116,0.0
2.877877877877878,2.902902902902903,0.0038270005296653937,0.0
2.902902902902903,2.927927927927928,0.003774797046870073,0.0
2.927927927927928,2.9529529529529532,0.004425114424601297,0.0
2.9529529529529532,2.9779779779779783,0.004207828650581521,0.0
2.9779779779779783,3.0030030030030033,0.0038635951608565707,0.0
3.0030030030030033,3.0280280280280283,0.004136259687468511,0.0
3.0280280280280283,3.0530530530530533,0.0022693488376054755,0.0
3.0530530530530533,3.0780780780780783,0.003736925906167628,0.0
3.0780780780780783,3.1031031031031033,0.003104437643710291,0.0
3.1031031031031033,3.1281281281281283,0.00403542794460861,0.0
3.1281281281281283,3.1531531531531534,0.0033159499683476615,0.0
3.1531531531531534,3.1781781781781784,0.0031608178955414676,0.0
3.1781781781781784,3.2032032032032034,0.002449455076581266,0.0
3.2032032032032034,3.2282282282282284,0.0031249214219529007,0.0
3.2282282282282284,3.2532532532532534,0.0034652060531451716,0.0
3.2532532532532534,3.2782782782782784,0.0019571325051588877,0.0
3.2782782782782784,3.3033033033033035,0.002718240307756254,0.0
3.3033033033033035,3.3283283283283285,0.002642847511290131,0.0
3.3283283283283285,3.3533533533533535,0.002188248412101682,0.0
3.3533533533533535,3.3783783783783785,0.0026182743181792784,0.0
3.3783783783783785,3.4034034034034035,0.0023489372610076926,0.0
3.4034034034034035,3.4284284284284285,0.0034182754149148314,0.0
3.4284284284284285,3.4534534534534536,0.003102807972786839,0.0
3.4534534534534536,3.4784784784784786,0.0014651809621853073,0.0
3.4784784784784786,3.5035035035035036,0.0023155201474248537,0.0
3.5035035035035036,3.5285285285285286,0.002944334883561614,0.0
3.5285285285285286,3.5535535535535536,0.0012113670434076317,0.0
3.5535535535535536,3.5785785785785786,0.0014770760835835898,0.0
3.5785785785785786,3.6036036036036037,0.0013987286041972585,0.0
3.6036036036036037,3.6286286286286287,0.002242679404533259,0.0
3.6286286286286287,3.6536536536536537,0.0021577725428749274,0.0
3.6536536536536537,3.6786786786786787,0.002095121954005585,0.0
3.6786786786786787,3.7037037037037037,0.0019185614879403824,0.0
3.7037037037037037,3.7287287287287287,0.0024979174309452163,0.0
3.7287287287287287,3.753753753753754,0.0021281897981576276,0.0
3.753753753753754,3.778778778778779,0.0011106311926876915,0.0
3.778778778778779,3.8038038038038042,0.0010407443280232365,0.0
3.8038038038038042,3.8288288288288292,0.0019150169695310718,0.0
3.8288288288288292,3.8538538538538543,0.0028154085275668367,0.0
3.8538538538538543,3.8788788788788793,0.0024100126840326495,0.0
3.8788788788788793,3.9039039039039043,0.0018020507374915385,0.0
3.9039039039039043,3.9289289289289293,0.0009698788014785256,0.0
3.9289289289289293,3.9539539539539543,0.0019942192125713795,0.0
3.9539539539539543,3.9789789789789793,0.0016010824933201091,0.0
3.9789789789789793,4.004004004004004,0.0012478017191370607,0.0
4.004004004004004,4.029029029029029,0.0016064269520886592,0.0
4.029029029029029,4.054054054054054,0.0019221371221877061,0.0
4.054054054054054,4.079079079079079,0.0019183405581928552,0.0
4.079079079079079,4.104104104104104,0.002173695811187542,0.0
4.104104104104104,4.129129129129129,0.001958836486155421,0.0
4.129129129129129,4.1541541541541545,0.0012149935350552411,0.0
4.1541541541541545,4.1791791791791795,0.0011337612711072463,0.0
4.1791791791791795,4.2042042042042045,0.001335889507339578,0.0
4.2042042042042045,4.2292292292292295,0.001244520476343501,0.0
4.2292292292292295,4.2542542542542545,0.0013940545887783054,0.0
4.2542542542542545,4.2792792792792795,0.0010428394608833428,0.0
4.2792792792792795,4.3043043043043046,0.0013989500786894787,0.0
4.3043043043043046,4.32932932932933,0.0014703716747803822,0.0
4.32932932932933,4.354354354354355,0.0011009490825527554,0.0
4.354354354354355,4.37937937937938,0.0009178036300356967,0.0
4.37937937937938,4.404404404404405,0.0014551266902341996,0.0
4.404404404404405,4.42942942942943,0.0018070404211546075,0.0
4.42942942942943,4.454454454454455,0.0017234218057094347,0.0
4.454454454454455,4.47947947947948,0.0014679270436792232,0.0
4.47947947947948,4.504504504504505,0.0014661418484355503,0.0
4.504504504504505,4.52952952952953,0.0011050265302018423,0.0
4.52952952952953,4.554554554554555,0.0012347240254253211,0.0
4.554554554554555,4.57957957957958,0.0012926662635047168,0.0
4.57957957957958,4.604604604604605,0.001135005516964032,0.0
4.604604604604605,4.62962962962963,0.0013569786532547216,0.0
4.62962962962963,4.654654654654655,0.0012875042851980911,0.0
4.654654654654655,4.67967967967968,0.0010640131844988194,0.0
4.67967967967968,4.704704704704705,0.0012069584818439325,0.0
4.704704704704705,4.72972972972973,0.0012455504462440732,0.0
4.72972972972973,4.754754754754755,0.0005776876485482244,0.0
4.754754754754755,4.77977977977978,0.0010016816079011026,0.0
4.77977977977978,4.804804804804805,0.0004935241975551131,0.0
4.804804804804805,4.82982982982983,0.001996702452983308,0.0
4.82982982982983,4.854854854854855,0.0007980330731905736,0.0
4.854854854854855,4.87987987987988,0.0013305180688138363,0.0
4.87987987987988,4.904904904904905,0.0012145143664335375,0.0
4.904904904904905,4.92992992992993,0.0005870892206864586,0.0
4.92992992992993,4.954954954954955,0.0012987218654738806,0.0
4.954954954954955,4.97997997997998,0.0008484737494270393,0.0
4.97997997997998,5.005005005005005,0.00047979011442789583,0.0
5.005005005005005,5.03003003003003,0.0014596667767763805,0.0
5.03003003003003,5.055055055055055,0.0006278252596422387,0.0
5.055055055055055,5.08008008008008,0.00046285203479775434,0.0
5.08008008008008,5.105105105105105,0.00048709437474988996,0.0
5.105105105105105,5.13013013013013,0.0002362019094224701,0.0
5.13013013013013,5.155155155155155,0.0005605412862193278,0.0
5.155155155155155,5.18018018018018,0.0005627673819011696,0.0
5.18018018018018,5.205205205205205,0.0008970278848343295,0.0
5.205205205205205,5.23023023023023,0.000799655581287549,0.0
5.23023023023023,5.255255255255255,0.0005344730470907654,0.0
5.255255255255255,5.28028028028028,0.00020138513906581962,0.0
5.28028028028028,5.305305305305305,0.0009793725812908727,0.0
5.305305305305305,5.33033033033033,0.001396376357850797,0.0
5.33033033033033,5.355355355355356,0.0012063533523675586,0.0
5.355355355355356,5.380380380380381,0.0004509470922082468,0.0
5.380380380380381,5.405405405405406,0.000874846859779394,0.0
5.405405405405406,5.430430430430431,0.0008495002890634457,0.0
5.430430430430431,5.455455455455456,0.0007101934813090333,0.0
5.455455455455456,5.480480480480481,0.0003645590753631364,0.0
5.480480480480481,5.505505505505506,0.0011679085698740315,0.0
5.505505505505506,5.530530530530531,0.0006385583703932429,0.0
5.530530530530531,5.555555555555556,0.00040633851397187576,0.0
5.555555555555556,5.580580580580581,0.0006865278017740379,0.0
5.580580580580581,5.605605605605606,0.0005300866051288776,0.0
5.605605605605606,5.630630630630631,0.0008195740825124686,0.0
5.630630630630631,5.655655655655656,0.00101126303076832,0.0
5.655655655655656,5.680680680680681,0.00055251360242696,0.0
5.680680680680681,5.705705705705706,0.00038210624358082083,0.0
5.705705705705706,5.730730730730731,0.00040272249919190135,0.0
5.730730730730731,5.755755755755756,0.0004989961820986823,0.0
5.755755755755756,5.780780780780781,0.0008441687644649491,0.0
5.780780780780781,5.805805805805806,0.0003889548171698628,0.0
5.805805805805806,5.830830830830831,0.0002324950115752847,0.0
5.830830830830831,5.855855855855856,0.0005189111307469844,0.0
5.855855855855856,5.8808808808808815,0.00024271786378550513,0.0
5.8808808808808815,5.9059059059059065,0.0006270239215418587,0.0
5.9059059059059065,5.9309309309309315,0.0006035615361252649,0.0
5.9309309309309315,5.9559559559559565,0.00033844671778171927,0.0
5.9559559559559565,5.9809809809809815,0.0005550934585002564,0.0
5.9809809809809815,6.0060060060060065,0.0006040016461605375,0.0
6.0060060060060065,6.0310310310310316,0.00022321466296565894,0.0
6.0310310310310316,6.056056056056057,0.0005677777681725543,0.0
6.056056056056057,6.081081081081082,0.00018770020361046823,0.0
6.081081081081082,6.106106106106107,0.00022020591026494898,0.0
6.106106106106107,6.131131131131132,0.0006499154575131275,0.0
6.131131131131132,6.156156156156157,0.00041262583213331317,0.0
6.156156156156157,6.181181181181182,0.00017898302100077636,0.0
6.181181181181182,6.206206206206207,0.00046457383554532946,0.0
6.206206206206207,6.231231231231232,0.0006044762562035856,0.0
6.231231231231232,6.256256256256257,0.0003379036859498383,0.0
6.256256256256257,6.281281281281282,0.00037948933374754734,0.0
6.281281281281282,6.306306306306307,0.0003997215093398031,0.0
6.306306306306307,6.331331331331332,0.000346179683216753,0.0
6.331331331331332,6.356356356356357,0.0005227318765163761,0.0
6.356356356356357,6.381381381381382,0.00039285133975817575,0.0
6.381381381381382,6.406406406406407,0.0003985535473133791,0.0
6.406406406406407,6.431431431431432,0.0005205861440839537,0.0
6.431431431431432,6.456456456456457,0.0005253529485785331,0.0
6.456456456456457,6.481481481481482,0.00013526568414613804,0.0
6.481481481481482,6.506506506506507,0.0006526502741897726,0.0
6.506506506506507,6.531531531531532,0.0007937463117231642,0.0
6.531531531531532,6.556556556556557,0.00021372426883381303,0.0
6.556556556556557,6.581581581581582,0.000619012437518271,0.0
6.581581581581582,6.606606606606607,0.0003875234590771402,0.0
6.606606606606607,6.631631631631632,0.00015688433888456807,0.0
6.631631631631632,6.656656656656657,0.000487632355497224,0.0
6.656656656656657,6.681681681681682,0.0005942297257578893,0.0
6.681681681681682,6.706706706706707,0.00026796398908191747,0.0
6.706706706706707,6.731731731731732,0.0001737007068754291,0.0
6.731731731731732,6.756756756756757,0.0001993221989971332,0.0
6.756756756756757,6.781781781781782,0.0007278953344790204,0.0
6.781781781781782,6.806806806806807,0.0002746060420713401,0.0
6.806806806806807,6.831831831831832,4.531721500438963e-05,0.0
6.831831831831832,6.856856856856857,0.00028917991122101117,0.0
6.856856856856857,6.881881881881882,0.0002102729221009123,0.0
6.881881881881882,6.906906906906907,0.0003572504637042941,0.0
6.906906906906907,6.931931931931932,0.0003210000298422804,0.0
6.931931931931932,6.956956956956957,0.00041184456808497416,0.0
6.956956956956957,6.981981981981982,0.00022723744527976787,0.0
6.981981981981982,7.007007007007007,0.00016197684862608443,0.0
7.007007007007007,7.032032032032032,0.0003299184431505251,0.0
7.032032032032032,7.057057057057057,0.0004982450623549019,0.0
7.057057057057057,7.082082082082082,0.0004836939631460203,0.0
7.082082082082082,7.107107107107107,0.0003040148633819851,0.0
7.107107107107107,7.132132132132132,0.00018750031202417245,0.0
7.132132132132132,7.157157157157157,0.0002901475247002741,0.0
7.157157157157157,7.182182182182182,0.0003011157198872234,0.0
7.182182182182182,7.207207207207207,0.00023083018319755414,0.0
7.207207207207207,7.232232232232232,0.00033181689606290353,0.0
7.232232232232232,7.257257257257257,0.000544983085282628,0.0
7.257257257257257,7.282282282282282,0.0003646822085161494,0.0
7.282282282282282,7.307307307307307,0.00043552512741071737,0.0
7.307307307307307,7.332332332332332,0.00013163998605503766,0.0
7.332332332332332,7.357357357357357,0.00023673514220861152,0.0
7.357357357357357,7.382382382382382,0.00014591742785565937,0.0
7.382382382382382,7.407407407407407,0.00026853719106208744,0.0
7.407407407407407,7.4324324324324325,0.00030218739972903106,0.0
7.4324324324324325,7.4574574574574575,0.00042476189936951355,0.0
7.4574574574574575,7.482482482482483,0.00019942381441642365,0.0
7.482482482482483,7.507507507507508,0.00025426170780177854,0.0
7.507507507507508,7.532532532532533,0.00043036750054312374,0.0
7.532532532532533,7.557557557557558,0.0004085173328072542,0.0
7.557557557557558,7.582582582582583,0.00014644707942983528,0.0
7.582582582582583,7.6076076076076085,0.0002682372637815155,0.0
7.6076076076076085,7.6326326326326335,0.0003181947441398389,0.0
7.6326326326326335,7.6576576576576585,0.0002768041732436069,0.0
7.6576576576576585,7.6826826826826835,0.00025383738039924886,0.0
7.6826826826826835,7.7077077077077085,0.0002625507535563904,0.0
7.7077077077077085,7.7327327327327335,0.00011250104935310412,0.0
7.7327327327327335,7.7577577577577586,0.00044645598963531245,0.0
7.7577577577577586,7.782782782782784,0.00030485408456236885,0.0
7.782782782782784,7.807807807807809,0.00013297983880230905,0.0
7.807807807807809,7.832832832832834,0.000245744102409982,0.0
7.832832832832834,7.857857857857859,0.00031197929416292025,0.0
7.857857857857859,7.882882882882884,3.4620429064599345e-05,0.0
7.882882882882884,7.907907907907909,0.00013690477920634268,0.0
7.907907907907909,7.932932932932934,0.0003678722976383707,0.0
7.932932932932934,7.957957957957959,0.0,0.0
7.957957957957959,7.982982982982984,0.0005155202984611135,0.0
7.982982982982984,8.008008008008009,0.0003050875745111231,0.0
8.008008008008009,8.033033033033034,9.682318308963412e-05,0.0
8.033033033033034,8.058058058058059,0.0004448416445933026,0.0
8.058058058058059,8.083083083083084,0.0001642851266138503,0.0
8.083083083083084,8.108108108108109,0.00031257925467720375,0.0
8.108108108108109,8.133133133133134,0.0003101849755288504,0.0
8.133133133133134,8.158158158158159,0.0003710082220259659,0.0
8.158158158158159,8.183183183183184,0.00030012688957565755,0.0
8.183183183183184,8.208208208208209,8.586501571243274e-05,0.0
8.208208208208209,8.233233233233234,0.00021879956855383288,0.0
8.233233233233234,8.258258258258259,0.00013233645551444058,0.0
8.258258258258259,8.283283283283284,0.00036234581444007113,0.0
8.283283283283284,8.308308308308309,0.0002644367754957228,0.0
8.308308308308309,8.333333333333334,0.00010750872488597827,0.0
8.333333333333334,8.358358358358359,0.0003377598394748472,0.0
8.358358358358359,8.383383383383384,6.241245361732519e-05,0.0
8.383383383383384,8.408408408408409,0.00026300758844385625,0.0
8.408408408408409,8.433433433433434,0.00029017286605154287,0.0
8.433433433433434,8.458458458458459,5.820313142200611e-05,0.0
8.458458458458459,8.483483483483484,0.00036018253894443624,0.0
8.483483483483484,8.508508508508509,0.00032936228968784135,0.0
8.508508508508509,8.533533533533534,0.0,0.0
8.533533533533534,8.558558558558559,0.00016133775483626189,0.0
8.558558558558559,8.583583583583584,0.00011542808400316741,0.0
8.583583583583584,8.608608608608609,0.00020288715057800887,0.0
8.608608608608609,8.633633633633634,0.0002467637464477577,0.0
8.633633633633634,8.65865865865866,8.856937686861555e-05,0.0
8.65865865865866,8.683683683683684,2.7822631759983532e-05,0.0
8.683683683683684,8.70870870870871,2.0178405608383126e-05,0.0
8.70870870870871,8.733733733733734,7.579522303718081e-05,0.0
8.733733733733734,8.75875875875876,0.0001241560837416077,0.0
8.75875875875876,8.783783783783784,3.295394428947358e-05,0.0
8.783783783783784,8.80880880880881,0.0003345734658103179,0.0
8.80880880880881,8.833833833833834,0.00010122721430567778,0.0
8.833833833833834,8.85885885885886,6.857436449943612e-05,0.0
8.85885885885886,8.883883883883884,3.8199423493607754e-05,0.0
8.883883883883884,8.90890890890891,0.00022743387487090088,0.0
8.90890890890891,8.933933933933934,3.7433789599451136e-05,0.0
8.933933933933934,8.95895895895896,3.116286877563594e-05,0.0
8.95895895895896,8.983983983983984,0.00011037167490193996,0.0
8.983983983983984,9.00900900900901,0.000266885863365029,0.0
9.00900900900901,9.034034034034034,0.0002705531602181784,0.0
9.034034034034034,9.05905905905906,0.0001715303548236694,0.0
9.05905905905906,9.084084084084084,4.995683592817082e-05,0.0
9.084084084084084,9.10910910910911,0.00021793812022113455,0.0
9.10910910910911,9.134134134134134,0.00020675915435517056,0.0
9.134134134134134,9.15915915915916,0.0,0.0
9.15915915915916,9.184184184184184,0.00021810077706632908,0.0
9.184184184184184,9.20920920920921,0.00014262899942921157,0.0
9.20920920920921,9.234234234234235,0.0001351464636523972,0.0
9.234234234234235,9.25925925925926,3.015030279033053e-05,0.0
9.25925925925926,9.284284284284285,0.0004964487609273883,0.0
9.284284284284285,9.30930930930931,0.00012622743742958552,0.0
9.30930930930931,9.334334334334335,9.627495214894593e-05,0.0
9.334334334334335,9.35935935935936,0.00021872560589547075,0.0
9.35935935935936,9.384384384384385,9.393615498580554e-05,0.0
9.384384384384385,9.40940940940941,0.00010764555902860837,0.0
9.40940940940941,9.434434434434435,0.00030711791685814917,0.0
9.434434434434435,9.45945945945946,0.00010142536436866981,0.0
9.45945945945946,9.484484484484485,0.0003401312721113708,0.0
9.484484484484485,9.50950950950951,9.279183779671105e-05,0.0
9.50950950950951,9.534534534534535,8.360755577099875e-05,0.0
9.534534534534535,9.55955955955956,0.00017051238047013795,0.0
9.55955955955956,9.584584584584585,9.402325971885305e-05,0.0
9.584584584584585,9.60960960960961,2.3834965694617746e-05,0.0
9.60960960960961,9.634634634634635,0.00012641203552689166,0.0
9.634634634634635,9.65965965965966,2.2459969095052577e-05,0.0
9.65965965965966,9.684684684684685,6.33500954057013e-05,0.0
9.684684684684685,9.70970970970971,0.00013533543282779887,0.0
9.70970970970971,9.734734734734735,5.121174370168023e-05,0.0
9.734734734734735,9.75975975975976,0.000146671024168256,0.0
9.75975975975976,9.784784784784785,0.0001370711287873963,0.0
9.784784784784785,9.80980980980981,0.00020100260598656273,0.0
9.80980980980981,9.834834834834835,0.00020149782637033086,0.0
9.834834834834835,9.85985985985986,0.00011966398608599423,0.0
9.85985985985986,9.884884884884885,9.429178002340685e-05,0.0
9.884884884884885,9.90990990990991,0.00014249251136727993,0.0
9.90990990990991,9.934934934934935,8.035682235790069e-05,0.0
9.934934934934935,9.95995995995996,7.255495617570906e-05,0.0
9.95995995995996,9.984984984984985,5.420401660252435e-05,0.0
9.984984984984985,10.01001001001001,0.00016757220407371984,0.0
10.01001001001001,10.035035035035035,0.0,0.0
10.035035035035035,10.06006006006006,0.0001041353300685316,0.0
10.06006006006006,10.085085085085085,9.750020992489704e-05,0.0
10.085085085085085,10.11011011011011,0.00011372295929496265,0.0
10.11011011011011,10.135135135135135,4.374482662367627e-05,0.0
10.135135135135135,10.16016016016016,0.0002985245242542568,0.0
10.16016016016016,10.185185185185185,0.00012838749720223234,0.0
10.185185185185185,10.21021021021021,0.00011553685386349892,0.0
10.21021021021021,10.235235235235235,0.0001161182125969821,0.0
10.235235235235235,10.26026026026026,0.00015479466426225163,0.0
10.26026026026026,10.285285285285285,0.0001307348731459157,0.0
10.285285285285285,10.31031031031031,4.184260016448173e-05,0.0
10.31031031031031,10.335335335335335,9.95862717966352e-05,0.0
10.335335335335335,10.36036036036036,0.0001348589233002225,0.0
10.36036036036036,10.385385385385385,3.84261530508985e-05,0.0
10.385385385385385,10.41041041041041,0.00020711836613758136,0.0
10.41041041041041,10.435435435435435,0.00021295908549686602,0.0
10.435435435435435,10.46046046046046,0.0,0.0
10.46046046046046,10.485485485485485,0.00013767835671178667,0.0
10.485485485485485,10.51051051051051,0.0001035064654659902,0.0
10.51051051051051,10.535535535535535,0.00010672230966568803,0.0
10.535535535535535,10.56056056056056,0.00012181958960303464,0.0
10.56056056056056,10.585585585585585,6.405032629474595e-05,0.0
10.585585585585585,10.61061061061061,3.192054795717362e-05,0.0
10.61061061061061,10.635635635635635,6.189976434871197e-05,0.0
10.635635635635635,10.66066066066066,3.325395785030753e-05,0.0
10.66066066066066,10.685685685685687,6.803382920780209e-05,0.0
10.685685685685687,10.710710710710712,0.0,0.0
10.710710710710712,10.735735735735737,0.00011283827898313175,0.0
10.735735735735737,10.760760760760762,0.00022251719267705835,0.0
10.760760760760762,10.785785785785787,0.00018403833726977065,0.0
10.785785785785787,10.810810810810812,5.8729333724290295e-05,0.0
10.810810810810812,10.835835835835837,4.1388977955536347e-05,0.0
10.835835835835837,10.860860860860862,0.00023913901342067676,0.0
10.860860860860862,10.885885885885887,9.88853084569528e-05,0.0
10.885885885885887,10.910910910910912,9.196078293868168e-05,0.0
10.910910910910912,10.935935935935937,8.166346834966869e-05,0.0
10.935935935935937,10.960960960960962,4.5122940313871945e-05,0.0
10.960960960960962,10.985985985985987,7.178725868134464e-05,0.0
10.985985985985987,11.011011011011012,3.203296530387164e-05,0.0
11.011011011011012,11.036036036036037,9.419929123347634e-05,0.0
11.036036036036037,11.061061061061062,0.0,0.0
11.061061061061062,11.086086086086087,0.00011423901910809876,0.0
11.086086086086087,11.111111111111112,0.0,0.0
11.111111111111112,11.136136136136138,7.765250414374754e-05,0.0
11.136136136136138,11.161161161161163,6.314747122890393e-05,0.0
11.161161161161163,11.186186186186188,0.00010813126591565511,0.0
11.186186186186188,11.211211211211213,5.749242872358569e-05,0.0
11.211211211211213,11.236236236236238,3.091002278039188e-05,0.0
11.236236236236238,11.261261261261263,3.160354384482109e-05,0.0
11.261261261261263,11.286286286286288,0.0,0.0
11.286286286286288,11.311311311311313,2.5940631634401025e-05,0.0
11.311311311311313,11.336336336336338,6.629049835550544e-05,0.0
11.336336336336338,11.361361361361363,0.00024857287773673314,0.0
11.361361361361363,11.386386386386388,6.711735874340555e-05,0.0
11.386386386386388,11.411411411411413,0.000135066543234806,0.0
11.411411411411413,11.436436436436438,9.34450357792094e-05,0.0
11.436436436436438,11.461461461461463,3.36137672981465e-05,0.0
11.461461461461463,11.486486486486488,4.52336969558944e-05,0.0
11.486486486486488,11.511511511511513,6.161512255653709e-05,0.0
11.511511511511513,11.536536536536538,8.891553528120087e-05,0.0
11.536536536536538,11.561561561561563,5.4219936353223565e-05,0.0
11.561561561561563,11.586586586586588,0.00023188507915443654,0.0
11.586586586586588,11.611611611611613,2.3999954584968754e-05,0.0
11.611611611611613,11.636636636636638,0.00012907341473890295,0.0
11.636636636636638,11.661661661661663,0.0,0.0
11.661661661661663,11.686686686686688,7.286540575895587e-05,0.0
11.686686686686688,11.711711711711713,0.0,0.0
11.711711711711713,11.736736736736738,8.562307224662894e-05,0.0
11.736736736736738,11.761761761761763,0.00012684092649587655,0.0
11.761761761761763,11.786786786786788,0.00014329795099534312,0.0
11.786786786786788,11.811811811811813,0.00013891772274882938,0.0
11.811811811811813,11.836836836836838,6.920518236622694e-05,0.0
11.836836836836838,11.861861861861863,8.812462141477145e-05,0.0
11.861861861861863,11.886886886886888,5.1079467801064626e-05,0.0
11.886886886886888,11.911911911911913,0.0,0.0
11.911911911911913,11.936936936936938,0.0003087996144261577,0.0
11.936936936936938,11.961961961961963,6.246633142216552e-05,0.0
11.961961961961963,11.986986986986988,6.949816125238635e-05,0.0
11.986986986986988,12.012012012012013,6.039527675076942e-05,0.0
12.012012012012013,12.037037037037038,0.0,0.0
12.037037037037038,12.062062062062063,4.4759601205137895e-05,0.0
12.062062062062063,12.087087087087088,7.884147852942332e-05,0.0
12.087087087087088,12.112112112112113,3.500318241206775e-05,0.0
12.112112112112113,12.137137137137138,0.0,0.0
12.137137137137138,12.162162162162163,4.090882060193503e-05,0.0
12.162162162162163,12.187187187187188,2.786169696346181e-05,0.0
12.187187187187188,12.212212212212213,0.00010321554318284897,0.0
12.212212212212213,12.237237237237238,5.389092476826873e-05,0.0
12.237237237237238,12.262262262262263,0.00010670803117640982,0.0
12.262262262262263,12.287287287287288,0.0001935460306429112,0.0
12.287287287287288,12.312312312312313,0.0,0.0
12.312312312312313,12.337337337337338,0.00012443999500267629,0.0
12.337337337337338,12.362362362362363,0.00012816404829782074,0.0
12.362362362362363,12.387387387387388,0.0,0.0
12.387387387387388,12.412412412412413,0.00012009229831854967,0.0
12.412412412412413,12.437437437437438,0.0001144075610967853,0.0
12.437437437437438,12.462462462462463,6.032426521241726e-05,0.0
12.462462462462463,12.487487487487488,7.885335287417675e-05,0.0
12.487487487487488,12.512512512512513,0.0001312719329860955,0.0
12.512512512512513,12.537537537537538,0.00010044873121643668,0.0
12.537537537537538,12.562562562562563,8.442462256823853e-05,0.0
12.562562562562563,12.587587587587588,0.0,0.0
12.587587587587588,12.612612612612613,2.7749369682778816e-05,0.0
12.612612612612613,12.637637637637638,6.156356891490396e-05,0.0
12.637637637637638,12.662662662662663,0.0,0.0
12.662662662662663,12.687687687687689,9.568476855009902e-05,0.0
12.687687687687689,12.712712712712714,0.0,0.0
12.712712712712714,12.737737737737739,2.8358301749087013e-05,0.0
12.737737737737739,12.762762762762764,6.989448157688138e-05,0.0
12.762762762762764,12.787787787787789,3.172937277905641e-05,0.0
12.787787787787789,12.812812812812814,0.0,0.0
12.812812812812814,12.837837837837839,0.0,0.0
12.837837837837839,12.862862862862864,0.0,0.0
12.862862862862864,12.887887887887889,2.8035642991520157e-05,0.0
12.887887887887889,12.912912912912914,9.845598766484672e-05,0.0
12.912912912912914,12.937937937937939,8.669708300994634e-05,0.0
12.937937937937939,12.962962962962964,3.8892424902297686e-05,0.0
12.962962962962964,12.987987987987989,4.142935114193901e-05,0.0
12.987987987987989,13.013013013013014,5.434479841492899e-05,0.0
13.013013013013014,13.038038038038039,0.00012599733695734135,0.0
13.038038038038039,13.063063063063064,0.0003185221113203431,0.0
13.063063063063064,13.088088088088089,9.921800083864083e-05,0.0
13.088088088088089,13.113113113113114,0.0,0.0
13.113113113113114,13.138138138138139,0.00017896017284760933,0.0
13.138138138138139,13.163163163163164,0.0,0.0
13.163163163163164,13.188188188188189,0.00020782673244170935,0.0
13.188188188188189,13.213213213213214,8.240324089162942e-05,0.0
13.213213213213214,13.238238238238239,0.0,0.0
13.238238238238239,13.263263263263264,3.8332808976696184e-05,0.0
13.263263263263264,13.288288288288289,6.887778747774692e-05,0.0
13.288288288288289,13.313313313313314,6.685531982824327e-05,0.0
13.313313313313314,13.338338338338339,8.477147523401374e-05,0.0
13.338338338338339,13.363363363363364,0.0001279283006492221,0.0
13.363363363363364,13.388388388388389,0.00019073840352586702,0.0
13.388388388388389,13.413413413413414,9.77961961826819e-05,0.0
13.413413413413414,13.438438438438439,2.2118465526394035e-05,0.0
13.438438438438439,13.463463463463464,3.518950848215962e-05,0.0
13.463463463463464,13.488488488488489,6.22040539307339e-05,0.0
13.488488488488489,13.513513513513514,0.00012171226435211555,0.0
13.513513513513514,13.538538538538539,8.074337272548917e-05,0.0
13.538538538538539,13.563563563563564,0.00010134013975924076,0.0
13.563563563563564,13.588588588588589,3.113617549776735e-05,0.0
13.588588588588589,13.613613613613614,0.00010334058564215632,0.0
13.613613613613614,13.63863863863864,0.0,0.0
13.63863863863864,13.663663663663664,2.0805008901906713e-05,0.0
13.663663663663664,13.68868868868869,0.00021013688733319987,0.0
13.68868868868869,13.713713713713714,5.717749654014794e-05,0.0
13.713713713713714,13.73873873873874,2.3651354346474608e-05,0.0
13.73873873873874,13.763763763763764,8.399469012475333e-05,0.0
13.763763763763764,13.78878878878879,0.0,0.0
13.78878878878879,13.813813813813814,3.246507857618735e-05,0.0
13.813813813813814,13.83883883883884,0.0001017019704065838,0.0
13.83883883883884,13.863863863863864,0.0,0.0
13.863863863863864,13.88888888888889,0.0,0.0
13.88888888888889,13.913913913913914,0.00010161889003772076,0.0
13.913913913913914,13.93893893893894,0.0,0.0
13.93893893893894,13.963963963963964,0.00014688375701105968,0.0
13.963963963963964,13.98898898898899,3.523292004256228e-05,0.0
13.98898898898899,14.014014014014014,2.839351630356709e-05,0.0
14.014014014014014,14.03903903903904,0.0,0.0
14.03903903903904,14.064064064064064,0.0,0.0
14.064064064064064,14.08908908908909,5.0764076158143916e-05,0.0
14.08908908908909,14.114114114114114,3.29891717186567e-05,0.0
14.114114114114114,14.13913913913914,3.3561342776997304e-05,0.0
14.13913913913914,14.164164164164164,2.8633625198565646e-05,0.0
14.164164164164164,14.18918918918919,0.0,0.0
14.18918918918919,14.214214214214214,0.00010908817005816836,0.0
14.214214214214214,14.23923923923924,1.9214790008387734e-05,0.0
14.23923923923924,14.264264264264265,3.506775865395295e-05,0.0
14.264264264264265,14.28928928928929,2.8092720069578774e-05,0.0
14.28928928928929,14.314314314314315,0.00011565138029209935,0.0
14.314314314314315,14.33933933933934,8.726712994407802e-05,0.0
14.33933933933934,14.364364364364365,2.838862978396195e-05,0.0
14.364364364364365,14.38938938938939,1.8996345076118622e-05,0.0
14.38938938938939,14.414414414414415,5.879354773616406e-05,0.0
14.414414414414415,14.43943943943944,0.0,0.0
14.43943943943944,14.464464464464465,3.1557049229979064e-05,0.0
14.464464464464465,14.48948948948949,2.184377306434791e-05,0.0
14.48948948948949,14.514514514514515,6.47435103817159e-05,0.0
14.514514514514515,14.53953953953954,0.0,0.0
14.53953953953954,14.564564564564565,9.611210798128664e-05,0.0
14.564564564564565,14.58958958958959,0.0001741001237397922,0.0
14.58958958958959,14.614614614614615,0.0,0.0
14.614614614614615,14.63963963963964,0.0,0.0
14.63963963963964,14.664664664664665,1.7060631160836285e-05,0.0
14.664664664664665,14.68968968968969,0.00015685909158608084,0.0
14.68968968968969,14.714714714714715,5.4127141948567916e-05,0.0
14.714714714714715,14.73973973973974,8.043001459397399e-05,0.0
14.73973973973974,14.764764764764765,2.1597818853945818e-05,0.0
14.764764764764765,14.78978978978979,8.226265325270812e-05,0.0
14.78978978978979,14.814814814814815,3.4812095430342934e-05,0.0
14.814814814814815,14.83983983983984,2.518558276355263e-05,0.0
14.83983983983984,14.864864864864865,4.682041176685455e-05,0.0
14.864864864864865,14.88988988988989,0.0,0.0
14.88988988988989,14.914914914914915,2.5747886278170607e-05,0.0
14.914914914914915,14.93993993993994,0.0,0.0
14.93993993993994,14.964964964964967,7.474884006739314e-05,0.0
14.964964964964967,14.989989989989992,2.1732069413015447e-05,0.0
14.989989989989992,15.015015015015017,0.0,0.0
15.015015015015017,15.040040040040042,5.556801115727005e-05,0.0
15.040040040040042,15.065065065065067,6.243555443763265e-05,0.0
15.065065065065067,15.090090090090092,0.0001437091327153803,0.0
15.090090090090092,15.115115115115117,0.0,0.0
15.115115115115117,15.140140140140142,0.0,0.0
15.140140140140142,15.165165165165167,4.823180889261793e-05,0.0
15.165165165165167,15.190190190190192,2.5746032370813977e-05,0.0
15.190190190190192,15.215215215215217,1.6686191638145205e-05,0.0
15.215215215215217,15.240240240240242,0.0,0.0
15.240240240240242,15.265265265265267,5.48862094834804e-05,0.0
15.265265265265267,15.290290290290292,5.6361646804320306e-05,0.0
15.290290290290292,15.315315315315317,1.919351485194847e-05,0.0
15.315315315315317,15.340340340340342,2.8328872735817968e-05,0.0
15.340340340340342,15.365365365365367,0.0,0.0
15.365365365365367,15.390390390390392,9.182636183700496e-05,0.0
15.390390390390392,15.415415415415417,0.0,0.0
15.415415415415417,15.440440440440442,0.0,0.0
15.440440440440442,15.465465465465467,0.0,0.0
15.465465465465467,15.490490490490492,2.8910696854340944e-05,0.0
15.490490490490492,15.515515515515517,6.586074955393714e-05,0.0
15.515515515515517,15.540540540540542,7.849761594973313e-05,0.0
15.540540540540542,15.565565565565567,6.403857572905272e-05,0.0
15.565565565565567,15.590590590590592,9.00486994407708e-05,0.0
15.590590590590592,15.615615615615617,5.327961715410725e-05,0.0
15.615615615615617,15.640640640640642,1.6480101353297498e-05,0.0
15.640640640640642,15.665665665665667,0.0,0.0
15.665665665665667,15.690690690690692,0.00023248053047348257,0.0
15.690690690690692,15.715715715715717,0.0,0.0
15.715715715715717,15.740740740740742,3.624840398654361e-05,0.0
15.740740740740742,15.765765765765767,0.0,0.0
15.765765765765767,15.790790790790792,6.567571359416223e-05,0.0
15.790790790790792,15.815815815815817,2.008006781520025e-05,0.0
15.815815815815817,15.840840840840842,2.3464412632440394e-05,0.0
15.840840840840842,15.865865865865867,0.0,0.0
15.865865865865867,15.890890890890892,2.2131151136166735e-05,0.0
15.890890890890892,15.915915915915917,0.0,0.0
15.915915915915917,15.940940940940942,0.0,0.0
15.940940940940942,15.965965965965967,0.0,0.0
15.965965965965967,15.990990990990992,6.241261832094373e-05,0.0
15.990990990990992,16.016016016016017,4.400175581632495e-05,0.0
16.016016016016017,16.04104104104104,0.0,0.0
16.04104104104104,16.066066066066067,0.0,0.0
16.066066066066067,16.09109109109109,2.521119737235364e-05,0.0
16.09109109109109,16.116116116116117,0.0,0.0
16.116116116116117,16.14114114114114,0.0,0.0
16.14114114114114,16.166166166166168,1.7963641589423185e-05,0.0
16.166166166166168,16.19119119119119,9.273276139732639e-05,0.0
16.19119119119119,16.216216216216218,3.0111250047317812e-05,0.0
16.216216216216218,16.24124124124124,4.191516370865003e-05,0.0
16.24124124124124,16.266266266266268,0.000136519013626034,0.0
16.266266266266268,16.29129129129129,9.369423275732611e-05,0.0
16.29129129129129,16.316316316316318,0.0,0.0
16.316316316316318,16.34134134134134,0.0,0.0
16.34134134134134,16.366366366366368,3.174827695982833e-05,0.0
16.366366366366368,16.39139139139139,2.168900287343525e-05,0.0
16.39139139139139,16.416416416416418,0.0,0.0
16.416416416416418,16.44144144144144,0.00014166620795514806,0.0
16.44144144144144,16.466466466466468,0.0,0.0
16.466466466466468,16.49149149149149,0.0,0.0
16.49149149149149,16.516516516516518,0.0,0.0
16.516516516516518,16.54154154154154,0.0,0.0
16.54154154154154,16.566566566566568,0.0,0.0
16.566566566566568,16.59159159159159,0.0,0.0
16.59159159159159,16.616616616616618,0.00011667727470689432,0.0
16.616616616616618,16.64164164164164,6.151146391613587e-05,0.0
16.64164164164164,16.666666666666668,2.535359362128198e-05,0.0
16.666666666666668,16.69169169169169,0.0,0.0
16.69169169169169,16.716716716716718,2.1126571141777648e-05,0.0
16.716716716716718,16.74174174174174,6.204480140248775e-05,0.0
16.74174174174174,16.766766766766768,5.013028699439297e-05,0.0
16.766766766766768,16.79179179179179,4.1161806899144785e-05,0.0
16.79179179179179,16.816816816816818,1.3672823718492005e-05,0.0
16.816816816816818,16.84184184184184,0.0,0.0
16.84184184184184,16.866866866866868,3.067932205502936e-05,0.0
16.866866866866868,16.89189189189189,4.581534932523057e-05,0.0
16.89189189189189,16.916916916916918,3.0449372200238464e-05,0.0
16.916916916916918,16.94194194194194,0.0,0.0
16.94194194194194,16.966966966966968,0.0,0.0
16.966966966966968,16.99199199199199,9.332702201147341e-05,0.0
16.99199199199199,17.017017017017018,3.9181529680696646e-05,0.0
17.017017017017018,17.04204204204204,0.0,0.0
17.04204204204204,17.067067067067068,0.0,0.0
17.067067067067068,17.092092092092095,0.0,0.0
17.092092092092095,17.117117117117118,0.0,0.0
17.117117117117118,17.142142142142145,0.0,0.0
17.142142142142145,17.167167167167168,0.0,0.0
17.167167167167168,17.192192192192195,0.0,0.0
17.192192192192195,17.217217217217218,0.0,0.0
17.217217217217218,17.242242242242245,0.0,0.0
17.242242242242245,17.26726726726727,0.0,0.0
17.26726726726727,17.292292292292295,0.0,0.0
17.292292292292295,17.31731731731732,0.0,0.0
17.31731731731732,17.342342342342345,0.0,0.0
17.342342342342345,17.36736736736737,0.0,0.0
17.36736736736737,17.392392392392395,0.0,0.0
17.392392392392395,17.41741741741742,8.654644213304996e-05,0.0
17.41741741741742,17.442442442442445,0.0,0.0
17.442442442442445,17.46746746746747,6.957899468859498e-05,0.0
17.46746746746747,17.492492492492495,2.4643879604249556e-05,0.0
17.492492492492495,17.51751751751752,0.0,0.0
17.51751751751752,17.542542542542545,0.0,0.0
17.542542542542545,17.56756756756757,0.0,0.0
17.56756756756757,17.592592592592595,6.984673181739518e-05,0.0
17.592592592592595,17.61761761761762,6.964645038719648e-05,0.0
17.61761761761762,17.642642642642645,0.0,0.0
17.642642642642645,17.66766766766767,0.0,0.0
17.66766766766767,17.692692692692695,0.0,0.0
17.692692692692695,17.71771771771772,0.0,0.0
17.71771771771772,17.742742742742745,0.0,0.0
17.742742742742745,17.76776776776777,2.993940264903735e-05,0.0
17.76776776776777,17.792792792792795,0.0,0.0
17.792792792792795,17.81781781781782,0.0,0.0
17.81781781781782,17.842842842842845,0.0,0.0
17.842842842842845,17.86786786786787,0.0,0.0
17.86786786786787,17.892892892892895,0.0,0.0
17.892892892892895,17.91791791791792,2.2043555407701258e-05,0.0
17.91791791791792,17.942942942942945,3.1113939921838235e-05,0.0
17.942942942942945,17.96796796796797,0.0,0.0
17.96796796796797,17.992992992992995,0.0,0.0
17.992992992992995,18.01801801801802,2.185422184839075e-05,0.0
18.01801801801802,18.043043043043046,0.0,0.0
18.043043043043046,18.06806806806807,0.0,0.0
18.06806806806807,18.093093093093096,5.9457498163809964e-05,0.0
18.093093093093096,18.11811811811812,6.887747431802982e-05,0.0
18.11811811811812,18.143143143143146,0.0,0.0
18.143143143143146,18.16816816816817,0.0,0.0
18.16816816816817,18.193193193193196,0.0,0.0
18.193193193193196,18.21821821821822,0.0,0.0
18.21821821821822,18.243243243243246,5.297168309726215e-05,0.0
18.243243243243246,18.26826826826827,3.452021931237652e-05,0.0
18.26826826826827,18.293293293293296,0.0,0.0
18.293293293293296,18.31831831831832,0.0,0.0
18.31831831831832,18.343343343343346,2.6117671357152106e-05,0.0
18.343343343343346,18.36836836836837,2.8909161047178418e-05,0.0
18.36836836836837,18.393393393393396,0.0,0.0
18.393393393393396,18.41841841841842,0.0,0.0
18.41841841841842,18.443443443443446,0.0,0.0
18.443443443443446,18.46846846846847,0.0,0.0
18.46846846846847,18.493493493493496,6.35433500371939e-05,0.0
18.493493493493496,18.51851851851852,0.0,0.0
18.51851851851852,18.543543543543546,4.553916764268017e-05,0.0
18.543543543543546,18.56856856856857,2.291576426968138e-05,0.0
18.56856856856857,18.593593593593596,0.0,0.0
18.593593593593596,18.61861861861862,0.0,0.0
18.61861861861862,18.643643643643646,0.0,0.0
18.643643643643646,18.66866866866867,8.377444312521494e-05,0.0
18.66866866866867,18.693693693693696,0.0,0.0
18.693693693693696,18.71871871871872,0.0,0.0
18.71871871871872,18.743743743743746,0.00013684479511302935,0.0
18.743743743743746,18.76876876876877,2.283339966038779e-05,0.0
18.76876876876877,18.793793793793796,0.0,0.0
18.793793793793796,18.81881881881882,0.0,0.0
18.81881881881882,18.843843843843846,0.0,0.0
18.843843843843846,18.86886886886887,0.0,0.0
18.86886886886887,18.893893893893896,0.0,0.0
18.893893893893896,18.91891891891892,0.0,0.0
18.91891891891892,18.943943943943946,0.0,0.0
18.943943943943946,18.96896896896897,2.5132626861521756e-05,0.0
18.96896896896897,18.993993993993996,0.00013893020456359927,0.0
18.993993993993996,19.01901901901902,2.7221611819316342e-05,0.0
19.01901901901902,19.044044044044046,0.0,0.0
19.044044044044046,19.06906906906907,0.0,0.0
19.06906906906907,19.094094094094096,3.996451949758532e-05,0.0
19.094094094094096,19.11911911911912,0.0,0.0
19.11911911911912,19.144144144144146,0.0,0.0
19.144144144144146,19.16916916916917,0.0,0.0
19.16916916916917,19.194194194194196,0.0,0.0
19.194194194194196,19.21921921921922,0.0,0.0
19.21921921921922,19.244244244244246,3.5927283178846085e-05,0.0
19.244244244244246,19.26926926926927,2.1703504321153342e-05,0.0
19.26926926926927,19.294294294294296,0.0,0.0
19.294294294294296,19.31931931931932,4.701784747768842e-05,0.0
19.31931931931932,19.344344344344346,0.0,0.0
19.344344344344346,19.36936936936937,0.0,0.0
19.36936936936937,19.394394394394396,0.0,0.0
19.394394394394396,19.41941941941942,0.0,0.0
19.41941941941942,19.444444444444446,2.3230973034921072e-05,0.0
19.444444444444446,19.46946946946947,0.0,0.0
19.46946946946947,19.494494494494496,0.0,0.0
19.494494494494496,19.51951951951952,0.0,0.0
19.51951951951952,19.544544544544546,0.0,0.0
19.544544544544546,19.56956956956957,0.0,0.0
19.56956956956957,19.594594594594597,0.0,0.0
19.594594594594597,19.61961961961962,0.0,0.0
19.61961961961962,19.644644644644647,2.6300596664830247e-05,0.0
19.644644644644647,19.66966966966967,7.11120333516157e-05,0.0
19.66966966966967,19.694694694694697,8.682426768221237e-05,0.0
19.694694694694697,19.71971971971972,0.0,0.0
19.71971971971972,19.744744744744747,4.9699408397403094e-05,0.0
19.744744744744747,19.76976976976977,0.0,0.0
19.76976976976977,19.794794794794797,0.0,0.0
19.794794794794797,19.81981981981982,0.0,0.0
19.81981981981982,19.844844844844847,0.0,0.0
19.844844844844847,19.86986986986987,0.0,0.0
19.86986986986987,19.894894894894897,0.0,0.0
19.894894894894897,19.91991991991992,0.0,0.0
19.91991991991992,19.944944944944947,0.0,0.0
19.944944944944947,19.96996996996997,0.0,0.0
19.96996996996997,19.994994994994997,3.083324198917483e-05,0.0
19.994994994994997,20.02002002002002,3.031113591160974e-05,0.0
20.02002002002002,20.045045045045047,1.7963641589423042e-05,0.0
20.045045045045047,20.07007007007007,7.78087504370069e-05,0.0
20.07007007007007,20.095095095095097,0.0,0.0
20.095095095095097,20.12012012012012,0.0,0.0
20.12012012012012,20.145145145145147,0.00010984475363814492,0.0
20.145145145145147,20.17017017017017,0.0,0.0
20.17017017017017,20.195195195195197,0.0,0.0
20.195195195195197,20.22022022022022,2.9424652908070943e-05,0.0
20.22022022022022,20.245245245245247,0.0,0.0
20.245245245245247,20.27027027027027,0.0,0.0
20.27027027027027,20.295295295295297,0.0,0.0
20.295295295295297,20.32032032032032,0.0,0.0
20.32032032032032,20.345345345345347,0.0,0.0
20.345345345345347,20.37037037037037,0.0,0.0
20.37037037037037,20.395395395395397,0.0,0.0
20.395395395395397,20.42042042042042,1.7963641589423327e-05,0.0
20.42042042042042,20.445445445445447,0.0,0.0
20.445445445445447,20.47047047047047,0.0,0.0
20.47047047047047,20.495495495495497,2.0678180570301097e-05,0.0
20.495495495495497,20.52052052052052,0.0,0.0
20.52052052052052,20.545545545545547,0.0,0.0
20.545545545545547,20.57057057057057,3.2933342913945094e-05,0.0
20.57057057057057,20.595595595595597,0.0,0.0
20.595595595595597,20.62062062062062,0.00010879249911888827,0.0
20.62062062062062,20.645645645645647,0.0,0.0
20.645645645645647,20.67067067067067,0.0,0.0
20.67067067067067,20.695695695695697,2.9340614596058366e-05,0.0
20.695695695695697,20.72072072072072,0.0,0.0
20.72072072072072,20.745745745745747,0.0,0.0
20.745745745745747,20.77077077077077,0.0,0.0
20.77077077077077,20.795795795795797,0.0,0.0
20.795795795795797,20.82082082082082,0.0,0.0
20.82082082082082,20.845845845845847,3.163132806506414e-05,0.0
20.845845845845847,20.87087087087087,2.483782176399223e-05,0.0
20.87087087087087,20.895895895895897,0.0,0.0
20.895895895895897,20.92092092092092,0.0,0.0
20.92092092092092,20.945945945945947,4.130097479532553e-05,0.0
20.945945945945947,20.97097097097097,0.0,0.0
20.97097097097097,20.995995995995997,0.0,0.0
20.995995995995997,21.02102102102102,0.0,0.0
21.02102102102102,21.046046046046047,0.0,0.0
21.046046046046047,21.07107107107107,0.0,0.0
21.07107107107107,21.096096096096097,1.7963641589423042e-05,0.0
21.096096096096097,21.12112112112112,0.0,0.0
21.12112112112112,21.146146146146148,3.797430147827091e-05,0.0
21.146146146146148,21.17117117117117,0.0,0.0
21.17117117117117,21.196196196196198,0.0,0.0
21.196196196196198,21.22122122122122,0.0,0.0
21.22122122122122,21.246246246246248,2.4849995905440782e-05,0.0
21.246246246246248,21.27127127127127,0.0,0.0
21.27127127127127,21.296296296296298,0.0,0.0
21.296296296296298,21.32132132132132,0.0,0.0
21.32132132132132,21.346346346346348,3.5927283178846085e-05,0.0
21.346346346346348,21.371371371371374,0.0,0.0
21.371371371371374,21.396396396396398,0.0,0.0
21.396396396396398,21.421421421421424,0.0,0.0
21.421421421421424,21.446446446446448,0.0,0.0
21.446446446446448,21.471471471471475,0.0,0.0
21.471471471471475,21.496496496496498,2.0968092998624087e-05,0.0
21.496496496496498,21.521521521521525,0.0,0.0
21.521521521521525,21.546546546546548,0.0,0.0
21.546546546546548,21.571571571571575,0.0,0.0
21.571571571571575,21.596596596596598,0.0,0.0
21.596596596596598,21.621621621621625,0.0,0.0
21.621621621621625,21.646646646646648,2.189304918448411e-05,0.0
21.646646646646648,21.671671671671675,0.0,0.0
21.671671671671675,21.696696696696698,0.0,0.0
21.696696696696698,21.721721721721725,0.0,0.0
21.721721721721725,21.746746746746748,0.0,0.0
21.746746746746748,21.771771771771775,0.0,0.0
21.771771771771775,21.796796796796798,0.0,0.0
21.796796796796798,21.821821821821825,0.0,0.0
21.821821821821825,21.846846846846848,3.592728317884616e-05,0.0
21.846846846846848,21.871871871871875,2.2591608287103773e-05,0.0
21.871871871871875,21.896896896896898,0.0,0.0
21.896896896896898,21.921921921921925,0.0,0.0
21.921921921921925,21.946946946946948,0.0,0.0
21.946946946946948,21.971971971971975,0.0,0.0
21.971971971971975,21.996996996996998,0.0,0.0
21.996996996996998,22.022022022022025,1.7963641589423042e-05,0.0
22.022022022022025,22.047047047047048,1.7963641589423185e-05,0.0
22.047047047047048,22.072072072072075,0.0,0.0
22.072072072072075,22.097097097097098,3.123659218271306e-05,0.0
22.097097097097098,22.122122122122125,0.0,0.0
22.122122122122125,22.147147147147148,0.0,0.0
22.147147147147148,22.172172172172175,0.0,0.0
22.172172172172175,22.197197197197198,0.0,0.0
22.197197197197198,22.222222222222225,0.0,0.0
22.222222222222225,22.24724724724725,0.0,0.0
22.24724724724725,22.272272272272275,2.6117671357155477e-05,0.0
22.272272272272275,22.2972972972973,0.0,0.0
22.2972972972973,22.322322322322325,0.0,0.0
22.322322322322325,22.34734734734735,0.0,0.0
22.34734734734735,22.372372372372375,0.0,0.0
22.372372372372375,22.3973973973974,0.0,0.0
22.3973973973974,22.422422422422425,0.0,0.0
22.422422422422425,22.44744744744745,0.0,0.0
22.44744744744745,22.472472472472475,2.6117671357156693e-05,0.0
22.472472472472475,22.4974974974975,0.0,0.0
22.4974974974975,22.522522522522525,0.0,0.0
22.522522522522525,22.54754754754755,0.0,0.0
22.54754754754755,22.572572572572575,0.0,0.0
22.572572572572575,22.5975975975976,6.381859637198839e-05,0.0
22.5975975975976,22.622622622622625,0.0,0.0
22.622622622622625,22.64764764764765,0.0,0.0
22.64764764764765,22.672672672672675,1.7963641589423042e-05,0.0
22.672672672672675,22.6976976976977,0.0,0.0
22.6976976976977,22.722722722722725,0.0,0.0
22.722722722722725,22.74774774774775,0.0,0.0
22.74774774774775,22.772772772772775,0.0,0.0
22.772772772772775,22.7977977977978,0.0,0.0
22.7977977977978,22.822822822822825,0.0,0.0
22.822822822822825,22.84784784784785,0.0,0.0
22.84784784784785,22.872872872872875,0.0,0.0
22.872872872872875,22.8978978978979,0.0,0.0
22.8978978978979,22.922922922922925,1.8872020030543256e-05,0.0
22.922922922922925,22.94794794794795,0.0,0.0
22.94794794794795,22.972972972972975,1.796364158942311e-05,0.0
22.972972972972975,22.997997997998,0.0,0.0
22.997997997998,23.023023023023026,0.0,0.0
23.023023023023026,23.04804804804805,0.0,0.0
23.04804804804805,23.073073073073076,0.0,0.0
23.073073073073076,23.0980980980981,0.0,0.0
23.0980980980981,23.123123123123126,0.0,0.0
23.123123123123126,23.14814814814815,0.0,0.0
23.14814814814815,23.173173173173176,0.0,0.0
23.173173173173176,23.1981981981982,0.0,0.0
23.1981981981982,23.223223223223226,1.7963641589423185e-05,0.0
23.223223223223226,23.24824824824825,0.0,0.0
23.24824824824825,23.273273273273276,0.0,0.0
23.273273273273276,23.2982982982983,0.0,0.0
23.2982982982983,23.323323323323326,0.0,0.0
23.323323323323326,23.34834834834835,0.0,0.0
23.34834834834835,23.373373373373376,0.0,0.0
23.373373373373376,23.3983983983984,1.7963641589423185e-05,0.0
23.3983983983984,23.423423423423426,0.0,0.0
23.423423423423426,23.44844844844845,0.0,0.0
23.44844844844845,23.473473473473476,0.0,0.0
23.473473473473476,23.4984984984985,2.630059666482979e-05,0.0
23.4984984984985,23.523523523523526,0.0,0.0
23.523523523523526,23.54854854854855,0.0,0.0
23.54854854854855,23.573573573573576,0.0,0.0
23.573573573573576,23.5985985985986,0.0,0.0
23.5985985985986,23.623623623623626,0.0,0.0
23.623623623623626,23.64864864864865,0.0,0.0
23.64864864864865,23.673673673673676,0.0,0.0
23.673673673673676,23.6986986986987,0.0,0.0
23.6986986986987,23.723723723723726,0.0,0.0
23.723723723723726,23.74874874874875,0.0,0.0
23.74874874874875,23.773773773773776,0.0,0.0
23.773773773773776,23.7987987987988,0.0,0.0
23.7987987987988,23.823823823823826,0.0,0.0
23.823823823823826,23.84884884884885,0.0,0.0
23.84884884884885,23.873873873873876,0.0,0.0
23.873873873873876,23.8988988988989,0.0,0.0
23.8988988988989,23.923923923923926,0.0,0.0
23.923923923923926,23.94894894894895,0.0,0.0
23.94894894894895,23.973973973973976,0.0,0.0
23.973973973973976,23.998998998999,0.0,0.0
23.998998998999,24.024024024024026,0.0,0.0
24.024024024024026,24.04904904904905,0.0,0.0
24.04904904904905,24.074074074074076,0.0,0.0
24.074074074074076,24.0990990990991,0.0,0.0
24.0990990990991,24.124124124124126,0.0,0.0
24.124124124124126,24.14914914914915,0.0,0.0
24.14914914914915,24.174174174174176,0.0,0.0
24.174174174174176,24.1991991991992,9.580608847692662e-05,0.0
24.1991991991992,24.224224224224226,0.0,0.0
24.224224224224226,24.24924924924925,0.0,0.0
24.24924924924925,24.274274274274276,0.0,0.0
24.274274274274276,24.2992992992993,0.0,0.0
24.2992992992993,24.324324324324326,1.7963641589423327e-05,0.0
24.324324324324326,24.34934934934935,0.0,0.0
24.34934934934935,24.374374374374376,0.0,0.0
24.374374374374376,24.3993993993994,3.592728317884623e-05,0.0
24.3993993993994,24.424424424424426,0.0,0.0
24.424424424424426,24.44944944944945,0.0,0.0
24.44944944944945,24.474474474474476,0.0,0.0
24.474474474474476,24.4994994994995,0.0,0.0
24.4994994994995,24.524524524524526,0.0,0.0
24.524524524524526,24.54954954954955,0.0,0.0
24.54954954954955,24.574574574574577,0.0,0.0
24.574574574574577,24.5995995995996,0.0,0.0
24.5995995995996,24.624624624624627,1.7963641589423185e-05,0.0
24.624624624624627,24.64964964964965,0.0,0.0
24.64964964964965,24.674674674674677,0.0,0.0
24.674674674674677,24.6996996996997,0.0,0.0
24.6996996996997,24.724724724724727,0.0,0.0
24.724724724724727,24.74974974974975,0.0,0.0
24.74974974974975,24.774774774774777,2.6117671357153255e-05,0.0
24.774774774774777,24.7997997997998,0.0,0.0
24.7997997997998,24.824824824824827,0.0,0.0
24.824824824824827,24.84984984984985,0.0,0.0
24.84984984984985,24.874874874874877,0.0,0.0
24.874874874874877,24.8998998998999,0.0,0.0
24.8998998998999,24.924924924924927,0.0,0.0
24.924924924924927,24.94994994994995,0.0,0.0
24.94994994994995,24.974974974974977,0.0,0.0
24.974974974974977,25.0,0.0,0.0
